{
  "version": "1.4.0-beta.0",
  "graph": {
    "nodes": [
      {
        "id": "n0",
        "position": {
          "x": 0,
          "y": 0
        },
        "caption": "Product "
      },
      {
        "id": "n1",
        "position": {
          "x": 0,
          "y": 300
        },
        "caption": "Category"
      }
    ],
    "relationships": [
      {
        "id": "n0",
        "type": "Belongs to",
        "fromId": "n0",
        "toId": "n1"
      },
      {
        "id": "n1",
        "type": "Similar to",
        "fromId": "n0",
        "toId": "n0"
      }
    ]
  },
  "dataModel": {
    "version": "1.4.0-beta.0",
    "graphSchemaRepresentation": {
      "version": "1.0.0",
      "graphSchema": {
        "nodeLabels": [
          {
            "$id": "nl:n0",
            "token": "Product ",
            "properties": [
              {
                "$id": "p:1",
                "token": "ASIN",
                "type": {
                  "type": "integer"
                },
                "nullable": true
              },
              {
                "$id": "p:2",
                "token": "title",
                "type": {
                  "type": "string"
                },
                "nullable": true
              },
              {
                "$id": "p:3",
                "token": "group",
                "type": {
                  "type": "string"
                },
                "nullable": true
              },
              {
                "$id": "p:4",
                "token": "sales_rank",
                "type": {
                  "type": "integer"
                },
                "nullable": true
              }
            ]
          },
          {
            "$id": "nl:n1",
            "token": "Category",
            "properties": [
              {
                "$id": "p:5",
                "token": "id",
                "type": {
                  "type": "integer"
                },
                "nullable": true
              },
              {
                "$id": "p:6",
                "token": "name",
                "type": {
                  "type": "string"
                },
                "nullable": true
              }
            ]
          }
        ],
        "relationshipTypes": [
          {
            "$id": "rt:n0",
            "token": "Belongs to",
            "properties": []
          },
          {
            "$id": "rt:n1",
            "token": "Similar to",
            "properties": []
          }
        ],
        "nodeObjectTypes": [
          {
            "$id": "n:n0",
            "labels": [
              {
                "$ref": "#nl:n0"
              }
            ]
          },
          {
            "$id": "n:n1",
            "labels": [
              {
                "$ref": "#nl:n1"
              }
            ]
          }
        ],
        "relationshipObjectTypes": [
          {
            "$id": "r:n0",
            "type": {
              "$ref": "#rt:n0"
            },
            "from": {
              "$ref": "#n:n0"
            },
            "to": {
              "$ref": "#n:n1"
            }
          },
          {
            "$id": "r:n1",
            "type": {
              "$ref": "#rt:n1"
            },
            "from": {
              "$ref": "#n:n0"
            },
            "to": {
              "$ref": "#n:n0"
            }
          }
        ],
        "constraints": [
          {
            "$id": "c:1",
            "name": "id_Category_uniq",
            "constraintType": "uniqueness",
            "entityType": "node",
            "nodeLabel": {
              "$ref": "#nl:n1"
            },
            "properties": [
              {
                "$ref": "#p:5"
              }
            ]
          },
          {
            "$id": "c:2",
            "name": "ASIN_Product__uniq",
            "constraintType": "uniqueness",
            "entityType": "node",
            "nodeLabel": {
              "$ref": "#nl:n0"
            },
            "properties": [
              {
                "$ref": "#p:1"
              }
            ]
          }
        ],
        "indexes": [
          {
            "$id": "i:3",
            "name": "id_Category_uniq",
            "indexType": "default",
            "entityType": "node",
            "nodeLabel": {
              "$ref": "#nl:n1"
            },
            "properties": [
              {
                "$ref": "#p:5"
              }
            ]
          },
          {
            "$id": "i:2",
            "name": "ASIN_Product__uniq",
            "indexType": "default",
            "entityType": "node",
            "nodeLabel": {
              "$ref": "#nl:n0"
            },
            "properties": [
              {
                "$ref": "#p:1"
              }
            ]
          }
        ]
      }
    },
    "graphSchemaExtensionsRepresentation": {
      "nodeKeyProperties": [
        {
          "node": {
            "$ref": "#n:n1"
          },
          "keyProperty": {
            "$ref": "#p:5"
          }
        },
        {
          "node": {
            "$ref": "#n:n0"
          },
          "keyProperty": {
            "$ref": "#p:1"
          }
        }
      ]
    },
    "graphMappingRepresentation": {
      "dataSourceSchema": {
        "type": "local/csv",
        "tableSchemas": [
          {
            "$id": "t:1",
            "name": "categories.csv",
            "expanded": true,
            "fields": [
              {
                "name": "id",
                "type": "integer",
                "sample": "10466",
                "include": true
              },
              {
                "name": "name",
                "type": "string",
                "sample": "General",
                "include": true
              }
            ]
          },
          {
            "$id": "t:2",
            "name": "products.csv",
            "expanded": true,
            "fields": [
              {
                "name": "ASIN",
                "type": "integer",
                "sample": "0827229534",
                "include": true
              },
              {
                "name": "title",
                "type": "string",
                "sample": "Patterns of Preaching: A Sermon Sampler",
                "include": true
              },
              {
                "name": "group",
                "type": "string",
                "sample": "Book",
                "include": true
              },
              {
                "name": "sales_rank",
                "type": "integer",
                "sample": "396585",
                "include": true
              },
              {
                "name": "category_id",
                "type": "integer",
                "sample": "283155",
                "include": true
              },
              {
                "name": "similar_ASINs",
                "type": "string",
                "sample": "0804215715",
                "include": true
              }
            ]
          }
        ]
      },
      "nodeMappings": [
        {
          "node": {
            "$ref": "#n:n0"
          },
          "tableSchema": {
            "$ref": "#t:2"
          },
          "propertyMappings": [
            {
              "fieldName": "ASIN",
              "property": {
                "$ref": "#p:1"
              }
            },
            {
              "fieldName": "title",
              "property": {
                "$ref": "#p:2"
              }
            },
            {
              "fieldName": "group",
              "property": {
                "$ref": "#p:3"
              }
            },
            {
              "fieldName": "sales_rank",
              "property": {
                "$ref": "#p:4"
              }
            }
          ]
        },
        {
          "node": {
            "$ref": "#n:n1"
          },
          "tableSchema": {
            "$ref": "#t:1"
          },
          "propertyMappings": [
            {
              "fieldName": "id",
              "property": {
                "$ref": "#p:5"
              }
            },
            {
              "fieldName": "name",
              "property": {
                "$ref": "#p:6"
              }
            }
          ]
        }
      ],
      "relationshipMappings": [
        {
          "relationship": {
            "$ref": "#r:n0"
          },
          "tableSchema": {
            "$ref": "#t:2"
          },
          "propertyMappings": [],
          "fromMapping": {
            "fieldName": "ASIN"
          },
          "toMapping": {
            "fieldName": "category_id"
          }
        },
        {
          "relationship": {
            "$ref": "#r:n1"
          },
          "tableSchema": {
            "$ref": "#t:2"
          },
          "propertyMappings": [],
          "fromMapping": {
            "fieldName": "ASIN"
          },
          "toMapping": {
            "fieldName": "similar_ASINs"
          }
        }
      ]
    },
    "configurations": {
      "idsToIgnore": []
    }
  }
}